id,parentId,username,Change,name,lastName,email,department,position,password,Intern,Image
1,2,philip.thompson,None,Philip,Thompson,philip.thompson@placebo-pharma.com,Executive,COO,cobalt,FALSE,https://bumbeishvili.github.io/avatars/avatars/portrait12.png
2,,evelyn.turner,None,Evelyn,Turner,evelyn.turner@placebo-pharma.com,Executive,CEO,ipswich,FALSE,https://bumbeishvili.github.io/avatars/avatars/portrait85.png
3,2,eduard.meunier,None,Eduard,Meunier,eduard.meunier@placebo-pharma.com,Executive,CFO,eleanor,FALSE,https://bumbeishvili.github.io/avatars/avatars/portrait16.png
4,2,malou.poulsen,None,Malou,Poulsen,malou.poulsen@placebo-pharma.com,Executive,CTO,tech@123,FALSE,https://bumbeishvili.github.io/avatars/avatars/portrait17.png
5,2,kleopatra.dzerovich,None,Kleopatra,Dzerovich,kleopatra.dzerovich@placebo-pharma.com,Executive,CCO,vixen,FALSE,https://bumbeishvili.github.io/avatars/avatars/portrait18.png
56,2,stephan.mathieu,New,Stephan,Mathieu,stephan.mathieu@placebo-pharma.com,Executive,CISO,qwerty123,FALSE,https://bumbeishvili.github.io/avatars/avatars/portrait56.png
6,4,frederick.pena,None,Frederick,Pena,frederick.pena@placebo-pharma.com,R&D,Manager,tetsuo,FALSE,https://bumbeishvili.github.io/avatars/avatars/portrait19.png
7,6,aubin.clement,None,Aubin,Clement,aubin.clement@placebo-pharma.com,R&D,Data Scientist,1234567,FALSE,https://bumbeishvili.github.io/avatars/avatars/portrait86.png
8,6,amanda.dean,None,Amanda,Dean,amanda.dean@placebo-pharma.com,R&D,Data Scientist,kong,FALSE,https://bumbeishvili.github.io/avatars/avatars/portrait89.png
63,6,marie.jorgensen,New,Marie,Jorgensen,marie.jorgensen@placebo-pharma.com,R&D,Data Scientist,aside,FALSE,https://bumbeishvili.github.io/avatars/avatars/portrait6.png
60,6,guadalupe.carrera,New,Guadalupe,Carrera,guadalupe.carrera@placebo-pharma.com,R&D,Data Scientist,sunday,TRUE,https://bumbeishvili.github.io/avatars/avatars/portrait86.png
10,4,simona.rolland,None,Simona,Rolland,simona.rolland@placebo-pharma.com,R&D,Project Manager,23skidoo,FALSE,https://bumbeishvili.github.io/avatars/avatars/portrait20.png
11,10,draga.nenezic,None,Draga,Nenezic,draga.nenezic@placebo-pharma.com,R&D,Biomedical Engineer,1245,FALSE,https://bumbeishvili.github.io/avatars/avatars/portrait21.png
12,10,dona.gugale,None,Dona,Gugale,dona.gugale@placebo-pharma.com,R&D,Biomedical Engineer,password123,FALSE,https://bumbeishvili.github.io/avatars/avatars/portrait22.png
13,10,carter.singh,None,Carter,Singh,carter.singh@placebo-pharma.com,R&D,Laboratory Technician,skyline,FALSE,https://bumbeishvili.github.io/avatars/avatars/portrait23.png
15,10,nicklas.jorgensen,None,Nicklas,Jorgensen,nicklas.jorgensen@placebo-pharma.com,R&D,Laboratory Technician,uuuuu,FALSE,https://bumbeishvili.github.io/avatars/avatars/portrait24.png
16,10,theo.taylor,None,Theo,Taylor,theo.taylor@placebo-pharma.com,R&D,Biostatistician,connie,FALSE,https://bumbeishvili.github.io/avatars/avatars/portrait26.png
17,4,byron.alexander,None,Byron,Alexander,byron.alexander@placebo-pharma.com,R&D,Project Manager,zidane,FALSE,https://bumbeishvili.github.io/avatars/avatars/portrait2.png
18,17,burim.garnier,None,Burim,Garnier,burim.garnier@placebo-pharma.com,R&D,Research Scientist,coolness,FALSE,https://bumbeishvili.github.io/avatars/avatars/portrait25.png
19,17,vildan.sandalci,None,Vildan,Sandalci,vildan.sandalci@placebo-pharma.com,R&D,Research Scientist,hopeless,FALSE,https://bumbeishvili.github.io/avatars/avatars/portrait27.png
20,17,rose.harris,None,Rose,Harris,rose.harris@placebo-pharma.com,R&D,Research Scientist,maximus,FALSE,https://bumbeishvili.github.io/avatars/avatars/portrait3.png
59,17,kerim.ozkara,New,Kerim,Ozkara,kerim.ozkara@placebo-pharma.com,R&D,Research Scientist,yvette,FALSE,https://bumbeishvili.github.io/avatars/avatars/portrait85.png
21,17,daniel.leroux,None,Daniel,Leroux,daniel.leroux@placebo-pharma.com,R&D,Clinical Research Associate,ambers,FALSE,https://bumbeishvili.github.io/avatars/avatars/portrait28.png
22,17,mary.woods,None,Mary,Woods,mary.woods@placebo-pharma.com,R&D,Clinical Research Associate,mmmmmmmm,FALSE,https://bumbeishvili.github.io/avatars/avatars/portrait33.png
58,17,valentin.pascual,New,Valentin,Pascual,valentin.pascual@placebo-pharma.com,R&D,Clinical Research Associate,valentin,TRUE,https://bumbeishvili.github.io/avatars/avatars/portrait85.png
24,4,romain.bourgeois,None,Romain,Bourgeois,romain.bourgeois@placebo-pharma.com,IT,IT Manager,zippy,FALSE,https://bumbeishvili.github.io/avatars/avatars/portrait4.png
25,24,ariadna.pasko,None,Ariadna,Pasko,ariadna.pasko@placebo-pharma.com,IT,Database Engineer,gmoney,FALSE,https://bumbeishvili.github.io/avatars/avatars/portrait39.png
26,24,benjamin.white,None,Benjamin,White,benjamin.white@placebo-pharma.com,IT,Network Administrator,ling,FALSE,https://bumbeishvili.github.io/avatars/avatars/portrait5.png
27,24,kubra.yildizoglu,None,Kubra,Yildizoglu,kubra.yildizoglu@placebo-pharma.com,IT,Network Administrator,moonlight,FALSE,https://bumbeishvili.github.io/avatars/avatars/portrait10.png
28,24,marcel.brunet,None,Marcel,Brunet,marcel.brunet@placebo-pharma.com,IT,System Administrator,zhou,FALSE,https://bumbeishvili.github.io/avatars/avatars/portrait41.png
29,24,gary.reynolds,None,Gary,Reynolds,gary.reynolds@placebo-pharma.com,IT,System Administrator,colombia,FALSE,https://bumbeishvili.github.io/avatars/avatars/portrait48.png
32,24,georgina.gonzales,None,Georgina,Gonzales,georgina.gonzales@placebo-pharma.com,IT,System Administrator,hopper,FALSE,https://bumbeishvili.github.io/avatars/avatars/portrait51.png
55,24,lilly.weerheim,New,Lilly,Weerheim,lilly.weerheim@placebo-pharma.com,IT,Technical Support Manager,shogun,FALSE,https://bumbeishvili.github.io/avatars/avatars/portrait85.png
31,55,lakshmi.suvarna,None,Lakshmi,Suvarna,lakshmi.suvarna@placebo-pharma.com,IT,Support,temptress,FALSE,https://bumbeishvili.github.io/avatars/avatars/portrait50.png
57,55,patrik.henkel,New,Patrik,Henkel,patrik.henkel@placebo-pharma.com,IT,Support,woods,TRUE,https://bumbeishvili.github.io/avatars/avatars/portrait83.png
33,56,matthew.carr,None,Matthew,Carr,matthew.carr@placebo-pharma.com,IT,Security Engineer,myspace1,FALSE,https://bumbeishvili.github.io/avatars/avatars/portrait52.png
34,33,duilio.da.mota,None,Duilio,da Mota,duilio.damota@placebo-pharma.com,IT,SOC Analyst,dnsadm,FALSE,https://bumbeishvili.github.io/avatars/avatars/portrait54.png
35,33,bianca.armas,None,Bianca,Armas,bianca.armas@placebo-pharma.com,IT,Operations Security,clint,FALSE,https://bumbeishvili.github.io/avatars/avatars/portrait56.png
36,5,lance.wuite,None,Lance,Wuite,lance.wuite@placebo-pharma.com,Compliance,Compliance Manager,giggles,FALSE,https://bumbeishvili.github.io/avatars/avatars/portrait13.png
37,36,emina.weberg,None,Emina,Weberg,emina.weberg@placebo-pharma.com,Compliance,Risk Manager,hayley,FALSE,https://bumbeishvili.github.io/avatars/avatars/portrait6.png
38,36,paige.cooper,None,Paige,Cooper,paige.cooper@placebo-pharma.com,Compliance,Auditor,kenwood,FALSE,https://bumbeishvili.github.io/avatars/avatars/portrait57.png
39,36,andrea.pierre,None,Andrea,Pierre,andrea.pierre@placebo-pharma.com,Compliance,Auditor,runaway,TRUE,https://bumbeishvili.github.io/avatars/avatars/portrait58.png
62,36,yuliy.sirotyuk,New,Yuliy,Sirotyuk,yuliy.sirotyuk@placebo-pharma.com,Compliance,Auditor,lemonade,FALSE,https://bumbeishvili.github.io/avatars/avatars/portrait85.png
40,3,abhimanyu.taj,None,Abhimanyu,Taj,abhimanyu.taj@placebo-pharma.com,Finance,Accounting,777777,FALSE,https://bumbeishvili.github.io/avatars/avatars/portrait65.png
41,3,eleni.galle,None,Eleni,Galle,eleni.galle@placebo-pharma.com,Finance,Accounting,sevens,FALSE,https://bumbeishvili.github.io/avatars/avatars/portrait67.png
42,3,gorun.petrishin,None,Gorun,Petrishin,gorun.petrishin@placebo-pharma.com,Finance,Operations Management,heka6w2,FALSE,https://bumbeishvili.github.io/avatars/avatars/portrait14.png
43,1,alexis.gauthier,None,Alexis,Gauthier,alexis.gauthier@placebo-pharma.com,Marketing,Director of Marketing,forgot,FALSE,https://bumbeishvili.github.io/avatars/avatars/portrait71.png
44,43,chad.fisher,None,Chad,Fisher,chad.fisher@placebo-pharma.com,Marketing,Marketing,zach,FALSE,https://bumbeishvili.github.io/avatars/avatars/portrait73.png
54,43,jeanne.cruz,New,Jeanne,Cruz,jeanne.cruz@placebo-pharma.com,Marketing,Marketing,answer,TRUE,https://bumbeishvili.github.io/avatars/avatars/portrait86.png
46,1,moustafa.janmaat,None,Moustafa,Janmaat,moustafa.janmaat@placebo-pharma.com,HR,Human Resources,albatros,FALSE,https://bumbeishvili.github.io/avatars/avatars/portrait81.png
47,1,surma.marusik,None,Surma,Marusik,surma.marusik@placebo-pharma.com,HR,Human Resources,valentin,FALSE,https://bumbeishvili.github.io/avatars/avatars/portrait15.png
48,3,claro.ramos,None,Claro,Ramos,claro.ramos@placebo-pharma.com,Sales,Sales Manager,stardust,FALSE,https://bumbeishvili.github.io/avatars/avatars/portrait82.png
49,48,marcus.jimenez,None,Marcus,Jimenez,marcus.jimenez@placebo-pharma.com,Sales,Sales Representative,jonjon,FALSE,https://bumbeishvili.github.io/avatars/avatars/portrait83.png
50,48,otto.grytten,None,Otto,Grytten,otto.grytten@placebo-pharma.com,Sales,Sales Representative,bills,FALSE,https://bumbeishvili.github.io/avatars/avatars/portrait32.png
61,48,june.pena,New,June,Pena,june.pena@placebo-pharma.com,Sales,Sales Representative,goliath,FALSE,https://bumbeishvili.github.io/avatars/avatars/portrait56.png
53,48,claudete.farias,None,Claudete,Farias,claudete.farias@placebo-pharma.com,Sales,Sales Representative,excite,FALSE,https://bumbeishvili.github.io/avatars/avatars/portrait90.png
64,2,kassandra.kistner,New,Kassandra,Kistner,kassandra.kistner@placebo-pharma.com,Facilities,Director,yyyyyy1,FALSE,https://bumbeishvili.github.io/avatars/avatars/portrait83.png
65,64,aapo.kemppainen,New,Aapo,Kemppainen,aapo.kemppainen@placebo-pharma.com,Facilities,Repair Technician,lizzie,FALSE,https://bumbeishvili.github.io/avatars/avatars/portrait6.png
66,64,sophia.dixon,New,Sophia,Dixon,sophia.dixon@placebo-pharma.com,Facilities,Repair Technician,20012001,FALSE,https://bumbeishvili.github.io/avatars/avatars/portrait85.png
67,64,kirk.johnson,New,Kirk,Johnson,kirk.johnson@placebo-pharma.com,Facilities,Cheif Cleanliness Officer,english,FALSE,https://bumbeishvili.github.io/avatars/avatars/portrait56.png